id,firstname,lastname,title,email,marital_status,creditcard
1,Lane,Wyatt,,Ut@lobortisultrices.co.uk,Married,491 70723 37098 027
2,Sopoline,Gallagher,Mr.,mi@lectusconvallis.net,Single,36690792463966
3,Igor,Kent,Ms.,iaculis@leo.edu,Common-Law,372034752271089
4,Chandler,Hart,,Morbi.accumsan@feugiat.ca,Divorced,376325791645531
5,Anthony,Neal,Dr.,id.nunc.interdum@aliquamenimnec.net,Single,3721 008766 16937
6,Kasper,Phillips,Mr.,ipsum.Suspendisse@lectuspede.org,Divorced,36925008133791
7,Phoebe,Foster,Dr.,felis.ullamcorper@lacusQuisque.ca,Married,516180 074815 7770
8,Elaine,Underwood,,at@Pellentesquehabitantmorbi.com,Divorced,4844507212608604
9,Dominic,Brewer,Dr.,ultrices.posuere.cubilia@anteipsumprimis.ca,Divorced,36239699334357
10,Wang,Donaldson,Mr.,eros@Donec.edu,Single,577573746877504
11,Cameron,Emerson,Ms.,netus@iaculisodio.com,Single,5215150722804856
12,Herrod,Baldwin,Mr.,auctor.quis@odioAliquam.co.uk,Divorced,676202741144321421
13,Brenda,Schroeder,Dr.,egestas.a@velitegetlaoreet.net,Single,341105679072293
14,Noah,Haney,Mrs.,sit.amet.metus@vehicula.co.uk,Married,340189123344038
15,Griffin,Snow,Mrs.,consequat.lectus@facilisisvitae.edu,Married,5757981251210430551
16,Theodore,Montgomery,,facilisis.magna@elitpharetra.org,Married,450 84809 25410 337
17,Emily,Daugherty,Mrs.,nonummy.ut@metus.org,Common-Law,530731 7597981528
18,Hillary,Sharpe,Dr.,enim@nislsem.com,Divorced,589306 30 1522 6930 142
19,Lavinia,Baird,Mrs.,odio.Phasellus@mollis.net,Married,5018266958310
20,Geoffrey,Rosario,Ms.,molestie.in@semperegestas.org,Single,36919938455036
21,Brett,Alexander,Dr.,vulputate.eu@et.org,Married,537834 2054767586
22,Roth,Giles,Mr.,sed@metusInnec.com,Divorced,36706318595360
23,Ivana,Castro,Mrs.,justo.sit@Morbinon.edu,Married,4556949642869
24,Brielle,Kramer,Dr.,eu.tempor@metusAeneansed.com,Common-Law,56433449620118297
25,Adrian,Gregory,Ms.,et@non.co.uk,Single,4929323322996
26,Damian,Larsen,,condimentum@pharetra.net,Divorced,371648343087281
27,Lareina,Beach,Mr.,nibh@ametmetus.ca,Married,4913 1541 7471 4579
28,Stuart,Barrett,Dr.,tincidunt@tristiquenequevenenatis.ca,Common-Law,522339 776744 0571
29,Martha,Lewis,Ms.,Fusce.dolor@felisNulla.com,Common-Law,450 82546 58664 588
30,Jennifer,Strong,Mr.,eu.tellus@auctor.org,Divorced,3749 461235 82662
31,Dolan,Lindsey,Mrs.,quis@Intinciduntcongue.org,Single,4026 7511 0863 5764
32,Maris,Farley,Ms.,non.egestas.a@fringillacursuspurus.net,Single,491339 4327577669
33,Zelda,Elliott,Dr.,nibh@mollislectus.co.uk,Divorced,36006877202874
34,Avram,Joyce,Mr.,libero@turpis.ca,Single,36124589501184
35,Charles,Jimenez,Ms.,lacus.pede@massaVestibulumaccumsan.edu,Married,417500 451230 5320
36,Stone,Caldwell,,eu.turpis@Nuncmauris.edu,Divorced,36407393172106
37,Acton,Hensley,,Cras.dictum.ultricies@orci.edu,Common-Law,630494212741063
38,Ruth,Mcdaniel,Mrs.,arcu.Aliquam.ultrices@tortordictumeu.ca,Married,36405102307260
39,Addison,Casey,Mr.,odio.tristique@ipsum.net,Common-Law,5271109409338001
40,Michelle,Terrell,Dr.,suscipit.est.ac@egestasSedpharetra.net,Single,455 66842 79324 215
41,Clare,Jacobson,,aptent.taciti@nequeInornare.ca,Single,4716343647240267
42,Mufutau,Mccormick,Mrs.,Duis@pharetrafeliseget.org,Common-Law,417500 9803085812
43,Valentine,Atkinson,Ms.,Aliquam.rutrum@Craseget.edu,Married,4913244435178886
44,Zena,Talley,,consequat.nec@ac.edu,Single,4175007017768785
45,Rana,Gill,Dr.,Cras@liberonecligula.ca,Divorced,4556473664800
46,Lacey,Frye,,nunc.Quisque@nequevenenatislacus.co.uk,Single,3428 678683 04741
47,Dane,Blackwell,Dr.,euismod.et.commodo@ac.ca,Common-Law,534 68678 91471 595
48,Constance,Christian,,Proin.sed@egestasadui.org,Common-Law,402635 148080 9531
49,Reuben,Potter,Mr.,sem@CurabiturmassaVestibulum.ca,Married,5255763467761338
50,Michelle,Gilliam,Mr.,malesuada.augue.ut@vel.co.uk,Divorced,4917 9816 4488 5514
51,Jin,Morris,Mrs.,faucibus.orci.luctus@luctus.co.uk,Common-Law,4532976763847605
52,Anne,Merritt,Mrs.,non.enim.commodo@rhoncusid.com,Single,372243056879840
53,Kennan,Owens,,mi.Aliquam.gravida@eu.org,Common-Law,5340 9871 3032 7766
54,Chelsea,Wallace,Ms.,sit@penatibus.ca,Common-Law,3764 241427 82752
55,Blythe,Beach,Mr.,ut@velitSedmalesuada.net,Single,6761030675205903
56,Clark,Howe,Ms.,odio.tristique.pharetra@arcu.net,Common-Law,3458 475007 06294
57,Bradley,Richard,Mrs.,mollis.nec@velit.com,Single,525301 325814 2112
58,Clementine,Sloan,Mrs.,luctus@et.net,Single,36311341308533
59,Murphy,Vaughan,Mr.,non.enim.commodo@dolorsit.edu,Divorced,491651 3083682143
60,Alexandra,Huffman,Dr.,malesuada@vitaealiquam.org,Single,417500 704093 6995
61,Karina,Tran,Dr.,blandit@lacinia.net,Common-Law,455624 9181988950
62,Lucy,Barron,Ms.,cursus.et.eros@lacusMaurisnon.co.uk,Common-Law,346734394934936
63,Odette,Bolton,Mr.,in@adipiscingfringillaporttitor.com,Divorced,484464 066055 3277
64,Mariko,Dunlap,Mrs.,lacinia.Sed.congue@dolortempus.org,Common-Law,4175 0096 0275 3172
65,Abbot,Mcdonald,Dr.,diam@inmagnaPhasellus.edu,Divorced,36155195850441
66,Maggie,Curtis,Mrs.,sodales@Aeneanegetmetus.edu,Single,378235940385392
67,Cherokee,Bradford,Ms.,penatibus@acturpisegestas.org,Married,438399 5241702992
68,Quamar,Gross,,cursus.a.enim@ut.org,Married,4024 007 12 5038
69,Jana,Ortiz,,ante.lectus@semper.edu,Divorced,377195160577428
70,Pandora,Thompson,Dr.,sit@bibendumDonecfelis.org,Married,4532978436153791
71,Brody,Cervantes,Mrs.,lacus.Aliquam@mollislectus.edu,Common-Law,450897 626221 1774
72,Cassady,Macias,Dr.,Pellentesque@porttitor.ca,Divorced,3769 820497 82977
73,Desirae,Hogan,Mrs.,primis.in.faucibus@dignissimtemporarcu.org,Single,491358 0574355748
74,Scarlet,Garrett,,montes.nascetur.ridiculus@euismodmauriseu.org,Divorced,6762239037061
75,Teagan,Randolph,,ut.pellentesque.eget@nuncsed.net,Divorced,36791189193164
76,Brenna,Pate,,imperdiet@miac.org,Married,379423067374741
77,Piper,Salas,,Donec@ipsum.org,Divorced,379783009010848
78,Raja,Estrada,Dr.,facilisis.eget@SuspendisseduiFusce.co.uk,Divorced,36228635141406
79,Noble,Patton,,faucibus.Morbi@Sed.co.uk,Divorced,36397448464741
80,Shelly,Walls,Dr.,rutrum@mauris.ca,Married,501847455773730676
81,Camille,Compton,,condimentum@vel.org,Common-Law,36965922875614
82,Xyla,Andrews,Mr.,augue.ac.ipsum@imperdietnec.ca,Single,4175 0095 8688 8259
83,Bo,Joyce,Dr.,volutpat.Nulla@eu.edu,Married,5247 3314 2776 6846
84,Samson,Alexander,Mr.,dis@metusIn.com,Single,340575806820742
85,Devin,Johnston,Mrs.,dolor.Quisque@consectetuereuismod.com,Divorced,4716782210473500
86,Carol,Burgess,Ms.,diam@gravida.net,Single,402612 2502869849
87,Ignatius,Kaufman,,elit.pede@eleifend.org,Single,455657 896596 3296
88,Haviva,Spencer,Dr.,pharetra@aceleifendvitae.ca,Single,4916092812464016
89,Ramona,Welch,Mr.,aliquet.odio@liberonecligula.org,Common-Law,450842 4322538233
90,Sylvester,Kane,Ms.,augue.Sed@et.org,Married,402646 1652944212
91,Abdul,Patterson,Dr.,senectus@urnasuscipit.edu,Divorced,484438 7783809158
92,Rosalyn,Bryant,Dr.,lorem.sit@Duisdignissimtempor.org,Married,4175009828364184
93,Naida,Dunlap,Ms.,Proin.eget.odio@lacus.co.uk,Single,540 65870 98095 743
94,Virginia,Britt,,tellus@Phasellus.ca,Divorced,4556672355119
95,Lewis,Davis,Mr.,Proin@etmalesuadafames.ca,Married,5295 2973 8926 9783
96,Leigh,Thompson,,pellentesque@Inatpede.net,Divorced,4716526298416
97,Colin,Caldwell,Mr.,et@ut.com,Married,36044374551170
98,Hammett,Daniels,Dr.,pede@liberoatauctor.org,Divorced,553 54674 54522 875
99,Sandra,Lowery,Mrs.,amet@ante.net,Married,453910 8877595150
100,Indira,Mosley,,Suspendisse@consectetuer.ca,Divorced,491340 262999 1676